Metric,U-Statistic,P-Value,Cliff's Delta,Effect Size
Change Frequency,43865061.0,0.0696068320083954,0.015536388662471676,negligible
Churn,45663340.5,4.2733485953669446e-11,0.05716902811635857,negligible
