Taille,Metric,U-Statistic,P-Value,Cliff's Delta,Effect Size
Petite,Change Frequency,36855478.0,0.001152315935848654,0.02913218893996445,negligible
Petite,Churn,36459959.5,0.046748308237437426,0.0180879468961833,negligible
Moyenne,Change Frequency,6463699.5,1.1633459077548832e-26,-0.13551129347713348,negligible
Moyenne,Churn,6773337.5,1.3617910282280327e-12,-0.09409870087280103,negligible
Grande,Change Frequency,62926.5,4.1355294914050933e-29,-0.41019861094187887,medium
Grande,Churn,70820.5,2.040541331298684e-18,-0.3362092397671781,medium
